{
  "answers": {
    "phase": "design",
    "action": "design decision",
    "scope": "uml class",
    "action experience": 4,
    "target": "md",
    "aimodel": "gemini 2.0 flash",
    "tool option": "online full",
    "experience with tool": 4,
    "time allocated (h)": "2",
    "time saved estimate (h)": "1.5",
    "quality of ai help": 5,
    "knowledge acquired": 5,
    "generic feeling - now": 5,
    "generic feeling - future": 5,
    "threat level": 1,
    "notes": "Used Gemini 2.0 flash to generate a complete PlantUML class diagram for the user_management_service in the clearSKY project. The AI analyzed HTTP handlers, JWT middleware, GORM models, RabbitMQ consumers/producers, and their interrelations. It correctly identified responsibilities and dependencies across packages and output a syntactically correct and semantically accurate diagram ready for submission. The output significantly improved architectural clarity and saved diagramming time."
  }
}
