{
  "answers": {
    "phase": "coding",
    "action": "code management",
    "scope": "frontend",
    "action experience": 3,
    "target": "js / node",
    "aimodel": "chatgpt 4o",
    "tool option": "online full",
    "experience with tool": 4,
    "time allocated (h)": "0.1",
    "time saved estimate (h)": "0.1",
    "quality of ai help": 5,
    "knowledge acquired": 5,
    "generic feeling - now": 5,
    "generic feeling - future": 5,
    "threat level": 1,
    "notes": "Used ChatGPT to understand the purpose and importance of package-lock.json. The AI explained its role in locking dependency versions for deterministic installs and why it should always be committed to Git, ensuring build consistency across environments."
  }
}
