{
  "answers": {
    "phase": "design",
    "action": "design decision",
    "scope": "uml class",
    "action experience": 4,
    "target": "md",
    "aimodel": "gemini 2.0 flash",
    "tool option": "online full",
    "experience with tool": 3,
    "time allocated (h)": "2",
    "time saved estimate (h)": "1.5",
    "quality of ai help": 5,
    "knowledge acquired": 4,
    "generic feeling - now": 5,
    "generic feeling - future": 5,
    "threat level": 1,
    "notes": "Used Gemini 2.0 flash to generate a complete PlantUML class diagram for the clearSKY SaaS application, based on Go models and service layer structure. The AI correctly identified classes, attributes, methods, and inter-class relationships and produced valid syntax for use on plantuml.soflab.ntua.gr. Significant time was saved in diagram generation and syntax correctness."
  }
}
