{
  "answers": {
    "phase": "deployment",
    "action": "container operations",
    "scope": "deployment scripts",
    "action experience": 3,
    "target": "yaml/json",
    "aimodel": "chatgpt 4o",
    "tool option": "online full",
    "experience with tool": 3,
    "time allocated (h)": 2,
    "time saved estimate (h)": 1,
    "quality of ai help": 4,
    "knowledge acquired": 4,
    "generic feeling - now": 4,
    "generic feeling - future": 5,
    "threat level": 1,
    "notes": "Guidance on Docker, RabbitMQ, and orchestrator deployment in a microservices setup."
  }
}
