{
  "answers": {
    "phase": "coding",
    "action": "source code authoring",
    "scope": "backend",
    "action experience": 3,
    "target": "shell",
    "aimodel": "chatgpt 4o",
    "tool option": "online full",
    "experience with tool": 4,
    "time allocated (h)": "0.1",
    "time saved estimate (h)": "0.1",
    "quality of ai help": 5,
    "knowledge acquired": 5,
    "generic feeling - now": 5,
    "generic feeling - future": 5,
    "threat level": 1,
    "notes": "Used ChatGPT to debug and resolve a Docker Compose error about undefined named volumes. The AI explained how to declare the missing volume in the root volumes section and provided a working example, helping me fix deployment issues quickly."
  }
}
