{
  "answers": {
    "phase": "deployment",
    "action": "container operations",
    "scope": "deployment scripts",
    "action experience": 3,
    "target": "yaml/json",
    "aimodel": "chatgpt 4o",
    "tool option": "online full",
    "experience with tool": 4,
    "time allocated (h)": "1.5",
    "time saved estimate (h)": "1.0",
    "quality of ai help": 4,
    "knowledge acquired": 3,
    "generic feeling - now": 4,
    "generic feeling - future": 4,
    "threat level": 1,
    "notes": "Chatbot helped identify environment variable and permissions issues in Docker Compose setup."
  }
}
