{
  "answers": {
    "phase": "design",
    "action": "data design",
    "scope": "backend",
    "action experience": 3,
    "target": "md",
    "aimodel": "chatgpt 4o",
    "tool option": "online full",
    "experience with tool": 5,
    "time allocated (h)": "5",
    "time saved estimate (h)": "3",
    "quality of ai help": 5,
    "knowledge acquired": 4,
    "generic feeling - now": 5,
    "generic feeling - future": 5,
    "threat level": 2,
    "notes": "Η βοήθεια κάλυψε σχεδιασμό Go structs για τη βάση δεδομένων, τη δημιουργία ενός πλήρως κανονικοποιημένου SQL schema, και την παροχή μιας συνάρτησης Go για τον υπολογισμό τελικών βαθμών. Επίσης, δόθηκαν οδηγίες για την τοποθέτηση του κώδικα στο αποθετήριο."
  }
}
