{
  "answers": {
    "phase": "coding",
    "action": "source code authoring",
    "scope":"backend",
    "action experience": 3,
    "target": "js / node",
    "aimodel": "chatgpt o1",
    "tool option": "online free",
    "experience with tool": 4,
    "time allocated (h)": "0.1",
    "time saved estimate (h)": "1",
    "quality of ai help": 4,
    "knowledge acquired": 3,
    "generic feeling - now": 3,
    "generic feeling - future": 3,
    "threat level": 0,
    "notes": "used golang but it in target other proglang is not accepted as a valid answer. "
  }
}
