{
  "answers": {
    "phase": "deployment",
    "action": "container operations",
    "scope":"backend",
    "action experience": 5,
    "target": "sql",
    "aimodel": "chatgpt 4o",
    "tool option": "online free",
    "experience with tool": 4,
    "time allocated (h)": "0.1",
    "time saved estimate (h)": "0.3",
    "quality of ai help": 5,
    "knowledge acquired": 4,
    "generic feeling - now": 4,
    "generic feeling - future": 3,
    "threat level": 0,
    "notes": "question about project deployment in docker"
  }
}
