{
  "answers": {
    "phase": "architecture",
    "action": "architectural decision",
    "scope": "uml class",
    "action experience": 4,
    "target": "client-server",
    "aimodel": "chatgpt 4o",
    "tool option": "online full",
    "experience with tool": 4,
    "time allocated (h)": "2",
    "time saved estimate (h)": "1",
    "quality of ai help": 5,
    "knowledge acquired": 4,
    "generic feeling - now": 5,
    "generic feeling - future": 5,
    "threat level": 1,
    "notes": "Used AI to assist in designing a UML class diagram for a SaaS platform. Efficient clarification of syntax, architecture, and modeling conventions."
  }
}
