{
  "answers": {
    "phase": "architecture",
    "action": "architectural decision",
    "scope": "uml deployment",
    "action experience": 3,
    "target": "microservices",
    "aimodel": "chatgpt 4o",
    "tool option": "online full",
    "experience with tool": 4,
    "time allocated (h)": "4",
    "time saved estimate (h)": "2",
    "quality of ai help": 5,
    "knowledge acquired": 5,
    "generic feeling - now": 5,
    "generic feeling - future": 5,
    "threat level": 2,
    "notes": "Used AI to understand and design a microservices-based architecture using RabbitMQ and an orchestrator pattern, including the role of an API gateway. Guidance included implementation-level code and architectural reasoning."
  }
}
