{
  "answers": {
    "phase": "coding",
    "action": "source code authoring",
    "scope": "code management actions",
    "action experience": 2,
    "target": "js / node",
    "aimodel": "chatgpt o3-mini",
    "tool option": "online free",
    "experience with tool": 0,
    "time allocated (h)": "0.5",
    "time saved estimate (h)": "2",
    "quality of ai help": 3,
    "knowledge acquired": 1,
    "generic feeling - now": 5,
    "generic feeling - future": 5,
    "threat level": 2,
    "notes": ""
  }
}