{
  "answers": {
    "phase": "architecture",
    "action": "architectural decision",
    "scope": "uml deployment",
    "action experience": 3,
    "target": "microservices",
    "aimodel": "chatgpt 4o",
    "tool option": "online full",
    "experience with tool": 4,
    "time allocated (h)": "4",
    "time saved estimate (h)": "2",
    "quality of ai help": 5,
    "knowledge acquired": 5,
    "generic feeling - now": 5,
    "generic feeling - future": 5,
    "threat level": 2,
    "notes": "Used ChatGPT to analyze and implement an orchestrated microservices architecture with RabbitMQ, focusing on business logic placement and API gateway integration. Included hands-on code for orchestration, messaging, and deployment patterns."
  }
}
