{
  "answers": {
    "phase": "design",
    "action": "design decision",
    "scope":"backend",
    "action experience": 4,
    "target": "n/a",
    "aimodel": "chatgpt 4o",
    "tool option": "online free",
    "experience with tool": 3,
    "time allocated (h)": "0.5",
    "time saved estimate (h)": "2",
    "quality of ai help": 4,
    "knowledge acquired": 4,
    "generic feeling - now": 4,
    "generic feeling - future": 4,
    "threat level": 0,
    "notes": "<fill in>"
  }
}
