{
  "answers": {
    "phase": "coding",
    "action": "source code authoring",
    "scope": "backend",
    "action experience": 4,
    "target": "shell",
    "aimodel": "chatgpt 4o",
    "tool option": "online full",
    "experience with tool": 4,
    "time allocated (h)": "0.2",
    "time saved estimate (h)": "0.1",
    "quality of ai help": 5,
    "knowledge acquired": 5,
    "generic feeling - now": 5,
    "generic feeling - future": 5,
    "threat level": 1,
    "notes": "Used ChatGPT to refactor a Go RabbitMQ consumer to handle different event types by routing key, with separate handlers and JSON decoding logic. The AI provided clear sample code and explained the advantages of modular, event-driven backend design."
  }
}
