{
  "answers": {
    "phase": "architecture",
    "action": "architectural decision",
    "scope": "uml deployment",
    "action experience": 4,
    "target": "md",
    "aimodel": "gemini 2.0 flash",
    "tool option": "online full",
    "experience with tool": 3,
    "time allocated (h)": "8",
    "time saved estimate (h)": "5",
    "quality of ai help": 5,
    "knowledge acquired": 4,
    "generic feeling - now": 4,
    "generic feeling - future": 5,
    "threat level": 2,
    "notes": "Η ανάπτυξη της συνάρτησης GetStudentCoursesWithStatus με χρήση GORM και ο διαχωρισμός αρμοδιοτήτων μέσω microservices βελτίωσαν σημαντικά την αρχιτεκτονική και την απόδοση της υπηρεσίας clearSKY. Η βοήθεια από το μοντέλο Gemini 2.0 flash ήταν χρήσιμη στην επιλογή βέλτιστων πρακτικών για querying και structuring δεδομένων."
  }
}

