{
  "answers": {
    "phase": "design",
    "action": "data design",
    "scope": "ER diagram",
    "action experience": 3,
    "target": "md",
    "aimodel": "gemini 2.0 flash",
    "tool option": "online full",
    "experience with tool": 3,
    "time allocated (h)": "1.5",
    "time saved estimate (h)": "1",
    "quality of ai help": 5,
    "knowledge acquired": 4,
    "generic feeling - now": 5,
    "generic feeling - future": 5,
    "threat level": 1,
    "notes": "Used Gemini 2.0 flash to generate an Entity-Relationship diagram in PlantUML syntax for the view_personal_grades service of the clearSKY project. The AI correctly modeled Student, Course, and Grade entities and their relationships, producing a valid, structured and readable diagram. This helped document and validate the data model quickly and effectively."
  }
}
