{
  "answers": {
    "phase": "coding",
    "action": "source code authoring",
    "scope":"backend",
    "action experience": 5,
    "target": "sql",
    "aimodel": "chatgpt o1",
    "tool option": "online free",
    "experience with tool": 4,
    "time allocated (h)": "0.5",
    "time saved estimate (h)": "1",
    "quality of ai help": 4,
    "knowledge acquired": 3,
    "generic feeling - now": 3,
    "generic feeling - future": 3,
    "threat level": 0,
    "notes": "handle empty requests using Golang"
  }
}
