{
  "answers": {
    "phase": "coding",
    "action": "source code authoring",
    "scope": "backend",
    "action experience": 5,
    "target": "sql",
    "aimodel": "chatgpt 4o",
    "tool option": "online full",
    "experience with tool": 5,
    "time allocated (h)": "0.5",
    "time saved estimate (h)": "0.5",
    "quality of ai help": 5,
    "knowledge acquired": 5,
    "generic feeling - now": 5,
    "generic feeling - future": 5,
    "threat level": 1,
    "notes": "Used ChatGPT to design robust data integrity strategies for a microservices architecture with a shared reviews table. The AI explained the use of transactions, optimistic/pessimistic locking, idempotency, and saga/event patterns. The advice included SQL code, schema suggestions, and outlined real-world best practices for distributed consistency."
  }
}
