{
  "answers": {
    "phase": "coding",
    "action": "source code authoring",
    "scope": "backend",
    "action experience": 4,
    "target": "sql",
    "aimodel": "gemini 2.0 flash",
    "tool option": "online full",
    "experience with tool": 3,
    "time allocated (h)": "10",
    "time saved estimate (h)": "6",
    "quality of ai help": 5,
    "knowledge acquired": 4,
    "generic feeling - now": 4,
    "generic feeling - future": 5,
    "threat level": 2,
    "notes": "Ανάπτυξη συνάρτησης GetStudentPersonalGrades με χρήση GORM για ακριβή ανάκτηση αναλυτικών βαθμών φοιτητή και προσαρμογή της απάντησης στις απαιτήσεις του frontend. Το Gemini 2.0 flash βοήθησε στην οργάνωση της λογικής και στην παραγωγή καθαρού κώδικα, καθώς και στην πρόταση βέλτιστων πρακτικών για διαχείριση σφαλμάτων και logging."
  }
}
