{
  "answers": {
    "phase": "coding",
    "action": "source code authoring",
    "scope":"backend",
    "action experience": 2,
    "target": "sql",
    "aimodel": "chatgpt 4o",
    "tool option": "online free",
    "experience with tool": 2,
    "time allocated (h)": "0.5",
    "time saved estimate (h)": "0.1",
    "quality of ai help": 2,
    "knowledge acquired": 1,
    "generic feeling - now": 3,
    "generic feeling - future": 2,
    "threat level": 0,
    "notes": "it explained code written in Go Lang"
  }
}
