{
  "answers": {
    "phase": "coding",
    "action": "source code authoring",
    "scope": "data management",
    "action experience": 5,
    "target": "sql",
    "aimodel": "chatgpt 4o",
    "tool option": "online full",
    "experience with tool": 5,
    "time allocated (h)": "1",
    "time saved estimate (h)": "0.75",
    "quality of ai help": 5,
    "knowledge acquired": 4,
    "generic feeling - now": 4,
    "generic feeling - future": 5,
    "threat level": 3,
    "notes": "Η βοήθεια επικεντρώθηκε στον υπολογισμό βαθμών από Excel και τη δημιουργία συμβατού .sql αρχείου με JSON πεδία (weights, student_ids, scores)."
  }
}