{
  "answers": {
    "phase": "coding",
    "action": "source code authoring",
    "scope": "backend",
    "action experience": 4,
    "target": "shell",
    "aimodel": "gemini 2.0 flash",
    "tool option": "online full",
    "experience with tool": 4,
    "time allocated (h)": "0.5",
    "time saved estimate (h)": "0.3",
    "quality of ai help": 5,
    "knowledge acquired": 4,
    "generic feeling - now": 5,
    "generic feeling - future": 5,
    "threat level": 1,
    "notes": "Used Gemini 2.0 flash to retrieve and explain the JWTAuthMiddleware from jwt_middleware.go. The AI provided the full code, detailed the header and JWT validation steps, and described how claims are stored in the Gin context for use in protected endpoints."
  }
}

