{
  "answers": {
    "phase": "architecture",
    "action": "architectural decision",
    "scope": "uml class",
    "action experience": 3,
    "target": "md",
    "aimodel": "chatgpt 4o",
    "tool option": "online full",
    "experience with tool": 5,
    "time allocated (h)": "5",
    "time saved estimate (h)": "3",
    "quality of ai help": 5,
    "knowledge acquired": 4,
    "generic feeling - now": 5,
    "generic feeling - future": 5,
    "threat level": 2,
    "notes": "Η βοήθεια περιλάμβανε τον σχεδιασμό Go structs (Exam, Grade, ExamStudent), την υλοποίηση της συνάρτησης CalculateTotalGrade σε Go, την πλήρη ανασχεδίαση του SQL schema (clearsky_schema.sql) για υποστήριξη μεταβλητού αριθμού ερωτήσεων, και καθοδήγηση για την τοποθέτηση του κώδικα στο αποθετήριο."
  }
}
