{
  "answers": {
    "phase": "coding",
    "action": "source code authoring",
    "scope": "backend",
    "action experience": 4,
    "target": "js / node",
    "aimodel": "chatgpt 4o",
    "tool option": "online full",
    "experience with tool": 4,
    "time allocated (h)": "0.2",
    "time saved estimate (h)": "0.2",
    "quality of ai help": 5,
    "knowledge acquired": 5,
    "generic feeling - now": 5,
    "generic feeling - future": 5,
    "threat level": 1,
    "notes": "Used ChatGPT to integrate a frontend service with multiple backend services and databases in Docker Compose. The AI provided a clear step-by-step guide on adding the frontend, adjusting service dependencies, setting up environment variables, and preparing a Dockerfile for production builds."
  }
}
