{
  "answers": {
    "phase": "design",
    "action": "data design",
    "scope": "backend",
    "action experience": 4,
    "target": "md",
    "aimodel": "chatgpt 4o",
    "tool option": "online full",
    "experience with tool": 5,
    "time allocated (h)": "3",
    "time saved estimate (h)": "2",
    "quality of ai help": 4,
    "knowledge acquired": 3,
    "generic feeling - now": 4,
    "generic feeling - future": 4,
    "threat level": 1,
    "notes": "Designed and validated message queue behavior and fault tolerance in a Go microservice. Verified queue persistence, decoupling via RabbitMQ, and proper reply handling without architectural overreach."
  }
}
