{
  "answers": {
    "phase": "design",
    "action": "design decision",
    "scope": "uml class",
    "action experience": 5,
    "target": "md",
    "aimodel": "gemini 2.0 flash",
    "tool option": "online full",
    "experience with tool": 4,
    "time allocated (h)": "2",
    "time saved estimate (h)": "1.5",
    "quality of ai help": 5,
    "knowledge acquired": 5,
    "generic feeling - now": 5,
    "generic feeling - future": 5,
    "threat level": 1,
    "notes": "Used Gemini 2.0 flash to generate a comprehensive UML Class Diagram for the `google_auth_service`. The AI analyzed the Go codebase and identified key components including handlers, middleware, database access, JWT utilities, and RabbitMQ messaging. It correctly modeled relationships between services, DTOs, and external dependencies (Google OAuth2, User Management), outputting ready-to-use PlantUML syntax without errors. The result significantly accelerated documentation and design validation."
  }
}
