{
  "answers": {
    "phase": "design",
    "action": "architectural decision",
    "scope": "backend",
    "action experience": 4,
    "target": "microservices",
    "aimodel": "chatgpt 4o",
    "tool option": "online full",
    "experience with tool": 3,
    "time allocated (h)": "3",
    "time saved estimate (h)": "2",
    "quality of ai help": 4,
    "knowledge acquired": 3,
    "generic feeling - now": 4,
    "generic feeling - future": 4,
    "threat level": 1,
    "notes": "Clarified and validated the architecture of a Go microservice using RabbitMQ and MongoDB. Focused on reliability through durable queues and persistent messaging. Separated processing and statistics responsibilities using proper routing."
  }
}
