{
  "phase": "architecture",
  "action": "data design",
  "scope": "data management",
  "action experience": 3,
  "target": "sql",
  "aimodel": "chatgpt 4o",
  "tool option": "online full",
  "experience with tool": 5,
  "time allocated (h)": "5",
  "time saved estimate (h)": "3",
  "quality of ai help": 5,
  "knowledge acquired": 4,
  "generic feeling - now": 5,
  "generic feeling - future": 5,
  "threat level": 2,
  "notes": "Η βοήθεια κάλυψε σχεδιασμό Go structs, λογική υπολογισμού από Excel, και πλήρη ανασχεδίαση SQL schema."
}
