{
  "answers": {
    "phase": "coding",
    "action": "source code authoring",
    "scope": "backend",
    "action experience": 1,
    "target": "php",
    "aimodel": "chatgpt 4o",
    "tool option": "online full",
    "experience with tool": 3,
    "time allocated (h)": "4",
    "time saved estimate (h)": "2",
    "quality of ai help": 4,
    "knowledge acquired": 3,
    "generic feeling - now": 3,
    "generic feeling - future": 4,
    "threat level": 2,
    "notes": "Helped debug Go backend code, database connection issues, and REST API logic."
  }
}
