{
  "answers": {
    "phase": "architecture",
    "action": "architectural decision",
    "scope": "uml other",
    "action experience": 4,
    "target": "n/a",
    "aimodel": "gemini 2.0 flash",
    "tool option": "online full",
    "experience with tool": 3,
    "time allocated (h)": "3",
    "time saved estimate (h)": "2",
    "quality of ai help": 5,
    "knowledge acquired": 4,
    "generic feeling - now": 5,
    "generic feeling - future": 5,
    "threat level": 1,
    "notes": "Used Gemini 2.0 flash to generate a complete PlantUML sequence diagram covering the entire clearSKY SaaS system architecture and flows. The AI provided clear and detailed interactions between actors, frontend, orchestrator, microservices and individual databases. It also included correct error handling logic and respected the requirements of the project. The AI assistance significantly accelerated the diagram creation process."
  }
}
