{
  "answers": {
    "phase": "design",
    "action": "data design",
    "scope": "ER diagram",
    "action experience": 4,
    "target": "md",
    "aimodel": "gemini 2.0 flash",
    "tool option": "online full",
    "experience with tool": 4,
    "time allocated (h)": "1.5",
    "time saved estimate (h)": "1",
    "quality of ai help": 5,
    "knowledge acquired": 4,
    "generic feeling - now": 5,
    "generic feeling - future": 5,
    "threat level": 1,
    "notes": "Used Gemini 2.0 flash to generate a valid ER diagram in PlantUML for the stats service in clearSKY. The diagram included Course, Grade, and Statistics entities with primary/foreign keys and meaningful relationships. The output was directly usable in the official UML viewer and greatly clarified the service's data model. It saved time and helped solidify the structure of grade analytics."
  }
}
