{
  "answers": {
    "phase": "architecture",
    "action": "architectural style selection",
    "scope": "uml class",
    "action experience": 2,
    "target": "microservices",
    "aimodel": "chatgpt o1",
    "tool option": "online full",
    "experience with tool": 3,
    "time allocated (h)": "2",
    "time saved estimate (h)": "5",
    "quality of ai help": 3,
    "knowledge acquired": 2,
    "generic feeling - now": 2,
    "generic feeling - future": 2,
    "threat level": 4,
    "notes": ","
  }
}