{
  "answers": {
    "phase": "design",
    "action": "design decision",
    "scope": "uml class",
    "action experience": 4,
    "target": "md",
    "aimodel": "gemini 2.0 flash",
    "tool option": "online full",
    "experience with tool": 4,
    "time allocated (h)": "2",
    "time saved estimate (h)": "1.5",
    "quality of ai help": 5,
    "knowledge acquired": 4,
    "generic feeling - now": 5,
    "generic feeling - future": 5,
    "threat level": 1,
    "notes": "Used Gemini 2.0 flash to generate a complete UML Class Diagram for the clearSKY application in PlantUML syntax. The AI accurately represented Go structs, their attributes and methods, created appropriate relationships between models and services, and grouped classes into packages. The result was ready to copy-paste into the NTUA PlantUML viewer without syntax errors, saving substantial effort in diagram creation and consistency."
  }
}
