{
  "answers": {
    "phase": "coding",
    "action": "source code authoring",
    "scope": "backend",
    "action experience": 4,
    "target": "shell",
    "aimodel": "chatgpt 4o",
    "tool option": "online full",
    "experience with tool": 4,
    "time allocated (h)": "0.1",
    "time saved estimate (h)": "0.1",
    "quality of ai help": 5,
    "knowledge acquired": 5,
    "generic feeling - now": 5,
    "generic feeling - future": 5,
    "threat level": 1,
    "notes": "Used ChatGPT to troubleshoot a RabbitMQ connection issue from a Go app. The AI explained that the AMQP port (5672) was not published in Docker, gave clear commands to fix the container setup, and detailed the difference between management UI and AMQP ports."
  }
}
