{
"answers": {
"phase": "architecture",
"action": "architectural decision",
"scope": "uml deployment",
"action experience": 3,
"target": "microservices",
"aimodel": "chatgpt 4o",
"tool option": "online full",
"experience with tool": 4,
"time allocated (h)": "5",
"time saved estimate (h)": "8",
"quality of ai help": 5,
"knowledge acquired": 5,
"generic feeling - now": 5,
"generic feeling - future": 5,
"threat level": 2,
"notes": "This session provided a complete and scalable architectural solution for a microservices-based SaaS review system. I gained clarity on orchestrator patterns and inter-service communication using RabbitMQ, and the example code was very helpful for understanding deployment and frontend interaction."
}
}