{
  "answers": {
    "phase": "coding",
    "action": "source code authoring",
    "scope": "backend",
    "action experience": 4,
    "target": "shell",
    "aimodel": "chatgpt 4o",
    "tool option": "online full",
    "experience with tool": 4,
    "time allocated (h)": "0.2",
    "time saved estimate (h)": "0.2",
    "quality of ai help": 5,
    "knowledge acquired": 5,
    "generic feeling - now": 5,
    "generic feeling - future": 5,
    "threat level": 1,
    "notes": "Used ChatGPT to configure persistent named volumes for MongoDB and MySQL containers in Docker Compose. The AI provided the correct volume paths and explained the benefits of data persistence for databases running in containers."
  }
}
