{
  "answers": {
    "phase": "deployment",
    "action": "container operations",
    "scope":"deployment scripts",
    "action experience": 4,
    "target": "sql",
    "aimodel": "chatgpt o1",
    "tool option": "online free",
    "experience with tool": 4,
    "time allocated (h)": "0.2",
    "time saved estimate (h)": "0.2",
    "quality of ai help": 4,
    "knowledge acquired": 4,
    "generic feeling - now": 4,
    "generic feeling - future": 2,
    "threat level": 0,
    "notes": "question about best practises"
  }
}
